variant_protein	variant_info	DomainProteinID	DomainFeature	DomainNote	biological_process/disease	chain	pmid	clinvar_match	#AlleleID	Type	Name	RS# (dbSNP)	disease_1	significance_1	star_1	disease_2	significance_2	star_2	disease_3	significance_3	star_3	disease_4	significance_4	star_4	disease_5	significance_5	star_5	disease_6	significance_6	star_6	disease_7	significance_7	star_7	disease_8	significance_8	star_8	disease_9	significance_9	star_9	disease_10	significance_10	star_10
IDH2	K413Q	IDHP_HUMAN	CHAIN	Isocitrate dehydrogenase [NADP], mitochondrial	glycolytic process	IDH2 -[Activation]-> glycolytic process	28536275	0																																		
IDH2	K413Q	IDHP_HUMAN	CHAIN	Isocitrate dehydrogenase [NADP], mitochondrial	metabolic process	IDH2 -[Activation]-> metabolic process	28536275	0																																		
IDH2	R140G	IDHP_HUMAN	CHAIN	Isocitrate dehydrogenase [NADP], mitochondrial	cell differentiation	IDH2 -[Inhibition]-> cell differentiation	29342092	1	29756	single nucleotide variant	NM_002168.4(IDH2):c.418C>G (p.Arg140Gly)	267606870	D-2-hydroxyglutaric aciduria 2	Pathogenic	0.0																											
IDH2	R140Q	IDHP_HUMAN	CHAIN	Isocitrate dehydrogenase [NADP], mitochondrial	Carcinogenesis	IDH2 -[Activation]-> Carcinogenesis	36335201	1	29755	single nucleotide variant	NM_002168.4(IDH2):c.419G>A (p.Arg140Gln)	121913502	D-2-hydroxyglutaric aciduria 2	Pathogenic/Likely pathogenic	2.0	not provided			Inborn genetic diseases			Neoplasm																				
IDH2	R140Q	IDHP_HUMAN	CHAIN	Isocitrate dehydrogenase [NADP], mitochondrial	Glioma	IDH2 -[Inhibition]-> Glioma	36335201	1	29755	single nucleotide variant	NM_002168.4(IDH2):c.419G>A (p.Arg140Gln)	121913502	D-2-hydroxyglutaric aciduria 2	Pathogenic/Likely pathogenic	2.0	not provided			Inborn genetic diseases			Neoplasm																				
IDH2	R140Q	IDHP_HUMAN	CHAIN	Isocitrate dehydrogenase [NADP], mitochondrial	Neoplasm Invasiveness	IDH2 -[Activation]-> TNF -[Activation]-> Neoplasm Invasiveness	36335201	1	29755	single nucleotide variant	NM_002168.4(IDH2):c.419G>A (p.Arg140Gln)	121913502	D-2-hydroxyglutaric aciduria 2	Pathogenic/Likely pathogenic	2.0	not provided			Inborn genetic diseases			Neoplasm																				
IDH2	R140Q	IDHP_HUMAN	CHAIN	Isocitrate dehydrogenase [NADP], mitochondrial	Neoplasm Metastasis	IDH2 -[Activation]-> TNF -[Activation]-> Neoplasm Metastasis	36335201	1	29755	single nucleotide variant	NM_002168.4(IDH2):c.419G>A (p.Arg140Gln)	121913502	D-2-hydroxyglutaric aciduria 2	Pathogenic/Likely pathogenic	2.0	not provided			Inborn genetic diseases			Neoplasm																				
IDH2	R140Q	IDHP_HUMAN	CHAIN	Isocitrate dehydrogenase [NADP], mitochondrial	Neoplasms	IDH2 -[Activation]-> Neoplasms	36335201	1	29755	single nucleotide variant	NM_002168.4(IDH2):c.419G>A (p.Arg140Gln)	121913502	D-2-hydroxyglutaric aciduria 2	Pathogenic/Likely pathogenic	2.0	not provided			Inborn genetic diseases			Neoplasm																				
IDH2	R140Q	IDHP_HUMAN	CHAIN	Isocitrate dehydrogenase [NADP], mitochondrial	angiogenesis	IDH2 -[Activation]-> TNF -[Activation]-> angiogenesis	36335201	1	29755	single nucleotide variant	NM_002168.4(IDH2):c.419G>A (p.Arg140Gln)	121913502	D-2-hydroxyglutaric aciduria 2	Pathogenic/Likely pathogenic	2.0	not provided			Inborn genetic diseases			Neoplasm																				
IDH2	R140Q	IDHP_HUMAN	CHAIN	Isocitrate dehydrogenase [NADP], mitochondrial	cell differentiation	IDH2 -[Inhibition]-> cell differentiation	23949914	1	29755	single nucleotide variant	NM_002168.4(IDH2):c.419G>A (p.Arg140Gln)	121913502	D-2-hydroxyglutaric aciduria 2	Pathogenic/Likely pathogenic	2.0	not provided			Inborn genetic diseases			Neoplasm																				
IDH2	R140Q	IDHP_HUMAN	CHAIN	Isocitrate dehydrogenase [NADP], mitochondrial	cell differentiation	IDH2 -[Inhibition]-> cell differentiation	24440599	1	29755	single nucleotide variant	NM_002168.4(IDH2):c.419G>A (p.Arg140Gln)	121913502	D-2-hydroxyglutaric aciduria 2	Pathogenic/Likely pathogenic	2.0	not provided			Inborn genetic diseases			Neoplasm																				
IDH2	R140Q	IDHP_HUMAN	CHAIN	Isocitrate dehydrogenase [NADP], mitochondrial	cell population proliferation	IDH2 -[Activation]-> cell population proliferation	36335201	1	29755	single nucleotide variant	NM_002168.4(IDH2):c.419G>A (p.Arg140Gln)	121913502	D-2-hydroxyglutaric aciduria 2	Pathogenic/Likely pathogenic	2.0	not provided			Inborn genetic diseases			Neoplasm																				
IDH2	R140Q	IDHP_HUMAN	CHAIN	Isocitrate dehydrogenase [NADP], mitochondrial	glycolytic process	IDH2 -[Inhibition]-> glycolytic process	36335201	1	29755	single nucleotide variant	NM_002168.4(IDH2):c.419G>A (p.Arg140Gln)	121913502	D-2-hydroxyglutaric aciduria 2	Pathogenic/Likely pathogenic	2.0	not provided			Inborn genetic diseases			Neoplasm																				
IDH2	R140Q	IDHP_HUMAN	CHAIN	Isocitrate dehydrogenase [NADP], mitochondrial	hemopoiesis	IDH2 -[Activation]-> hemopoiesis	27118404	1	29755	single nucleotide variant	NM_002168.4(IDH2):c.419G>A (p.Arg140Gln)	121913502	D-2-hydroxyglutaric aciduria 2	Pathogenic/Likely pathogenic	2.0	not provided			Inborn genetic diseases			Neoplasm																				
IDH2	R140Q	IDHP_HUMAN	CHAIN	Isocitrate dehydrogenase [NADP], mitochondrial	hemopoiesis	IDH2 -[Activation]-> hemopoiesis	28193779	1	29755	single nucleotide variant	NM_002168.4(IDH2):c.419G>A (p.Arg140Gln)	121913502	D-2-hydroxyglutaric aciduria 2	Pathogenic/Likely pathogenic	2.0	not provided			Inborn genetic diseases			Neoplasm																				
IDH2	R140Q	IDHP_HUMAN	CHAIN	Isocitrate dehydrogenase [NADP], mitochondrial	oxidative phosphorylation	IDH2 -[Activation]-> oxidative phosphorylation	36335201	1	29755	single nucleotide variant	NM_002168.4(IDH2):c.419G>A (p.Arg140Gln)	121913502	D-2-hydroxyglutaric aciduria 2	Pathogenic/Likely pathogenic	2.0	not provided			Inborn genetic diseases			Neoplasm																				
IDH2	R140Q	IDHP_HUMAN	CHAIN	Isocitrate dehydrogenase [NADP], mitochondrial	protein kinase B signaling	IDH2 -[Activation]-> protein kinase B signaling	36335201	1	29755	single nucleotide variant	NM_002168.4(IDH2):c.419G>A (p.Arg140Gln)	121913502	D-2-hydroxyglutaric aciduria 2	Pathogenic/Likely pathogenic	2.0	not provided			Inborn genetic diseases			Neoplasm																				
IDH2	R172G	IDHP_HUMAN	CHAIN	Isocitrate dehydrogenase [NADP], mitochondrial	Neoplasm Invasiveness	IDH2 -[Activation]-> Neoplasm Invasiveness	22309944	1	363318	single nucleotide variant	NM_002168.4(IDH2):c.514A>G (p.Arg172Gly)	1057519906	Neoplasm	Likely pathogenic	1.0	Maffucci syndrome																										
IDH2	R172G	IDHP_HUMAN	CHAIN	Isocitrate dehydrogenase [NADP], mitochondrial	apoptotic process	IDH2 -[Activation]-> glutathione -[Activation]-> apoptotic process	22309944	1	363318	single nucleotide variant	NM_002168.4(IDH2):c.514A>G (p.Arg172Gly)	1057519906	Neoplasm	Likely pathogenic	1.0	Maffucci syndrome																										
IDH2	R172K	IDHP_HUMAN	CHAIN	Isocitrate dehydrogenase [NADP], mitochondrial	Disease	IDH2 -[Activation]-> Disease	32782366	1	362866	single nucleotide variant	NM_002168.4(IDH2):c.515G>A (p.Arg172Lys)	121913503	Neoplasm	risk factor	0.0	Acute myocardial infarction																										
IDH2	R172K	IDHP_HUMAN	CHAIN	Isocitrate dehydrogenase [NADP], mitochondrial	Enchondromatosis	IDH2 -[Activation]-> Enchondromatosis	32782366	1	362866	single nucleotide variant	NM_002168.4(IDH2):c.515G>A (p.Arg172Lys)	121913503	Neoplasm	risk factor	0.0	Acute myocardial infarction																										
IDH2	R172K	IDHP_HUMAN	CHAIN	Isocitrate dehydrogenase [NADP], mitochondrial	Leukemia, Myeloid, Acute	IDH2 -[Activation]-> Leukemia, Myeloid, Acute	20171147	1	362866	single nucleotide variant	NM_002168.4(IDH2):c.515G>A (p.Arg172Lys)	121913503	Neoplasm	risk factor	0.0	Acute myocardial infarction																										
IDH2	R172K	IDHP_HUMAN	CHAIN	Isocitrate dehydrogenase [NADP], mitochondrial	Neoplasms	IDH2 -[Activation]-> Neoplasms	32782366	1	362866	single nucleotide variant	NM_002168.4(IDH2):c.515G>A (p.Arg172Lys)	121913503	Neoplasm	risk factor	0.0	Acute myocardial infarction																										
IDH2	R172K	IDHP_HUMAN	CHAIN	Isocitrate dehydrogenase [NADP], mitochondrial	Syndrome	IDH2 -[Activation]-> Syndrome	32782366	1	362866	single nucleotide variant	NM_002168.4(IDH2):c.515G>A (p.Arg172Lys)	121913503	Neoplasm	risk factor	0.0	Acute myocardial infarction																										
IDH2	R172K	IDHP_HUMAN	CHAIN	Isocitrate dehydrogenase [NADP], mitochondrial	cell growth	IDH2 -[Inhibition]-> cell growth	33799798	1	362866	single nucleotide variant	NM_002168.4(IDH2):c.515G>A (p.Arg172Lys)	121913503	Neoplasm	risk factor	0.0	Acute myocardial infarction																										
IDH2	R172P	IDHP_HUMAN	CHAIN	Isocitrate dehydrogenase [NADP], mitochondrial	Carcinogenesis	IDH2 -[Activation]-> Carcinogenesis	36335201	0																																		
IDH2	R172P	IDHP_HUMAN	CHAIN	Isocitrate dehydrogenase [NADP], mitochondrial	Glioma	IDH2 -[Inhibition]-> Glioma	36335201	0																																		
IDH2	R172P	IDHP_HUMAN	CHAIN	Isocitrate dehydrogenase [NADP], mitochondrial	Neoplasm Invasiveness	IDH2 -[Activation]-> TNF -[Activation]-> Neoplasm Invasiveness	36335201	0																																		
IDH2	R172P	IDHP_HUMAN	CHAIN	Isocitrate dehydrogenase [NADP], mitochondrial	Neoplasm Metastasis	IDH2 -[Activation]-> TNF -[Activation]-> Neoplasm Metastasis	36335201	0																																		
IDH2	R172P	IDHP_HUMAN	CHAIN	Isocitrate dehydrogenase [NADP], mitochondrial	Neoplasms	IDH2 -[Activation]-> Neoplasms	36335201	0																																		
IDH2	R172P	IDHP_HUMAN	CHAIN	Isocitrate dehydrogenase [NADP], mitochondrial	angiogenesis	IDH2 -[Activation]-> TNF -[Activation]-> angiogenesis	36335201	0																																		
IDH2	R172P	IDHP_HUMAN	CHAIN	Isocitrate dehydrogenase [NADP], mitochondrial	cell population proliferation	IDH2 -[Activation]-> cell population proliferation	36335201	0																																		
IDH2	R172P	IDHP_HUMAN	CHAIN	Isocitrate dehydrogenase [NADP], mitochondrial	glycolytic process	IDH2 -[Inhibition]-> glycolytic process	36335201	0																																		
IDH2	R172P	IDHP_HUMAN	CHAIN	Isocitrate dehydrogenase [NADP], mitochondrial	oxidative phosphorylation	IDH2 -[Activation]-> oxidative phosphorylation	36335201	0																																		
IDH2	R172P	IDHP_HUMAN	CHAIN	Isocitrate dehydrogenase [NADP], mitochondrial	protein kinase B signaling	IDH2 -[Activation]-> protein kinase B signaling	36335201	0																																		
